name,type,path
WhittakerTech::Midas::Coin::Bidi,Module,WhittakerTech/Midas/Coin/Bidi.md
WhittakerTech::Midas::Coin::Bidi.LRI,Constant,WhittakerTech/Midas/Coin/Bidi.md#constant-LRI
WhittakerTech::Midas::Coin::Bidi.RLI,Constant,WhittakerTech/Midas/Coin/Bidi.md#constant-RLI
WhittakerTech::Midas::Coin::Bidi.PDI,Constant,WhittakerTech/Midas/Coin/Bidi.md#constant-PDI
WhittakerTech::Midas::Coin::Bidi.bidi_currency_dir,Method,WhittakerTech/Midas/Coin/Bidi.md#method-i-bidi_currency_dir
WhittakerTech::Midas::Coin::Bidi.bidi_isolate,Method,WhittakerTech/Midas/Coin/Bidi.md#method-i-bidi_isolate
WhittakerTech::Midas::Coin::Bidi.bidi_isolate_number,Method,WhittakerTech/Midas/Coin/Bidi.md#method-i-bidi_isolate_number
WhittakerTech::Midas::Coin::Converter,Module,WhittakerTech/Midas/Coin/Converter.md
WhittakerTech::Midas::Coin::Converter.convert_to,Method,WhittakerTech/Midas/Coin/Converter.md#method-i-convert_to
WhittakerTech::Midas::Coin::Presenter,Module,WhittakerTech/Midas/Coin/Presenter.md
WhittakerTech::Midas::Coin::Presenter.TOKEN_MAP,Constant,WhittakerTech/Midas/Coin/Presenter.md#constant-TOKEN_MAP
WhittakerTech::Midas::Coin::Presenter.present,Method,WhittakerTech/Midas/Coin/Presenter.md#method-i-present
WhittakerTech::Midas::Coin::Presenter.build_context,Method,WhittakerTech/Midas/Coin/Presenter.md#method-c-build_context
WhittakerTech::Midas::Coin::Presenter.dispatch,Method,WhittakerTech/Midas/Coin/Presenter.md#method-c-dispatch
WhittakerTech::Midas::Coin::Presenter.format,Method,WhittakerTech/Midas/Coin/Presenter.md#method-c-format
WhittakerTech::Midas::Coin::Presenter.scan,Method,WhittakerTech/Midas/Coin/Presenter.md#method-c-scan
WhittakerTech::Midas::Coin::Presenter.token_approx,Method,WhittakerTech/Midas/Coin/Presenter.md#method-c-token_approx
WhittakerTech::Midas::Coin::Presenter.token_currency_code,Method,WhittakerTech/Midas/Coin/Presenter.md#method-c-token_currency_code
WhittakerTech::Midas::Coin::Presenter.token_currency_symbol,Method,WhittakerTech/Midas/Coin/Presenter.md#method-c-token_currency_symbol
WhittakerTech::Midas::Coin::Presenter.token_major,Method,WhittakerTech/Midas/Coin/Presenter.md#method-c-token_major
WhittakerTech::Midas::Coin::Presenter.token_minor,Method,WhittakerTech/Midas/Coin/Presenter.md#method-c-token_minor
WhittakerTech::Midas::Coin::Presenter.token_number_only,Method,WhittakerTech/Midas/Coin/Presenter.md#method-c-token_number_only
WhittakerTech::Midas::Coin::Presenter.token_per_exact,Method,WhittakerTech/Midas/Coin/Presenter.md#method-c-token_per_exact
WhittakerTech::Midas::Coin::Presenter.token_percent,Method,WhittakerTech/Midas/Coin/Presenter.md#method-c-token_percent
WhittakerTech::Midas::Coin::Presenter.token_total,Method,WhittakerTech/Midas/Coin/Presenter.md#method-c-token_total
WhittakerTech::Midas::Coin::Presenter.token_units,Method,WhittakerTech/Midas/Coin/Presenter.md#method-c-token_units
WhittakerTech::Midas::Coin::Arithmetic,Module,WhittakerTech/Midas/Coin/Arithmetic.md
WhittakerTech::Midas::Coin::Arithmetic.%,Method,WhittakerTech/Midas/Coin/Arithmetic.md#method-i--25
WhittakerTech::Midas::Coin::Arithmetic.*,Method,WhittakerTech/Midas/Coin/Arithmetic.md#method-i--2A
WhittakerTech::Midas::Coin::Arithmetic.+,Method,WhittakerTech/Midas/Coin/Arithmetic.md#method-i--2B
WhittakerTech::Midas::Coin::Arithmetic.-,Method,WhittakerTech/Midas/Coin/Arithmetic.md#method-i--
WhittakerTech::Midas::Coin::Arithmetic.-@,Method,WhittakerTech/Midas/Coin/Arithmetic.md#method-i---40
WhittakerTech::Midas::Coin::Arithmetic.==,Method,WhittakerTech/Midas/Coin/Arithmetic.md#method-i--3D-3D
WhittakerTech::Midas::Coin::Arithmetic.divide,Method,WhittakerTech/Midas/Coin/Arithmetic.md#method-i-divide
WhittakerTech::Midas::Coin::Arithmetic.hash,Method,WhittakerTech/Midas/Coin/Arithmetic.md#method-i-hash
WhittakerTech::Midas::Coin::Arithmetic.negate,Method,WhittakerTech/Midas/Coin/Arithmetic.md#method-i-negate
WhittakerTech::Midas::Bankable,Module,WhittakerTech/Midas/Bankable.md
WhittakerTech::Midas,Module,WhittakerTech/Midas.md
WhittakerTech::Midas.VERSION,Constant,WhittakerTech/Midas.md#constant-VERSION
WhittakerTech::Midas.ROUNDING_POLICIES,Constant,WhittakerTech/Midas.md#constant-ROUNDING_POLICIES
WhittakerTech::Midas.DEFAULT_ROUNDING_POLICY,Constant,WhittakerTech/Midas.md#constant-DEFAULT_ROUNDING_POLICY
WhittakerTech::Midas.deprecation_behavior,Method,WhittakerTech/Midas.md#method-i-deprecation_behavior
WhittakerTech::Midas.table_namespace,Method,WhittakerTech/Midas.md#method-i-table_namespace
WhittakerTech::Midas.currency_direction_for,Method,WhittakerTech/Midas.md#method-c-currency_direction_for
WhittakerTech::Midas.currency_directions,Method,WhittakerTech/Midas.md#method-c-currency_directions
WhittakerTech::Midas.reset_configuration!,Method,WhittakerTech/Midas.md#method-c-reset_configuration-21
WhittakerTech::Midas.table_name,Method,WhittakerTech/Midas.md#method-c-table_name
WhittakerTech,Module,WhittakerTech.md
WhittakerTech::Midas::Coin,Class,WhittakerTech/Midas/Coin.md
WhittakerTech::Midas::Coin.%,Method,WhittakerTech/Midas/Coin.md#method-i--25
WhittakerTech::Midas::Coin.*,Method,WhittakerTech/Midas/Coin.md#method-i--2A
WhittakerTech::Midas::Coin.+,Method,WhittakerTech/Midas/Coin.md#method-i--2B
WhittakerTech::Midas::Coin.-,Method,WhittakerTech/Midas/Coin.md#method-i--
WhittakerTech::Midas::Coin.-@,Method,WhittakerTech/Midas/Coin.md#method-i---40
WhittakerTech::Midas::Coin.==,Method,WhittakerTech/Midas/Coin.md#method-i--3D-3D
WhittakerTech::Midas::Coin.allocate,Method,WhittakerTech/Midas/Coin.md#method-i-allocate
WhittakerTech::Midas::Coin.amount,Method,WhittakerTech/Midas/Coin.md#method-i-amount
WhittakerTech::Midas::Coin.amount=,Method,WhittakerTech/Midas/Coin.md#method-i-amount-3D
WhittakerTech::Midas::Coin.bidi_currency_dir,Method,WhittakerTech/Midas/Coin.md#method-i-bidi_currency_dir
WhittakerTech::Midas::Coin.bidi_isolate,Method,WhittakerTech/Midas/Coin.md#method-i-bidi_isolate
WhittakerTech::Midas::Coin.bidi_isolate_number,Method,WhittakerTech/Midas/Coin.md#method-i-bidi_isolate_number
WhittakerTech::Midas::Coin.convert_to,Method,WhittakerTech/Midas/Coin.md#method-i-convert_to
WhittakerTech::Midas::Coin.currency,Method,WhittakerTech/Midas/Coin.md#method-i-currency
WhittakerTech::Midas::Coin.currency_code=,Method,WhittakerTech/Midas/Coin.md#method-i-currency_code-3D
WhittakerTech::Midas::Coin.currency_minor=,Method,WhittakerTech/Midas/Coin.md#method-i-currency_minor-3D
WhittakerTech::Midas::Coin.decimals,Method,WhittakerTech/Midas/Coin.md#method-i-decimals
WhittakerTech::Midas::Coin.divide,Method,WhittakerTech/Midas/Coin.md#method-i-divide
WhittakerTech::Midas::Coin.format,Method,WhittakerTech/Midas/Coin.md#method-i-format
WhittakerTech::Midas::Coin.fractional,Method,WhittakerTech/Midas/Coin.md#method-i-fractional
WhittakerTech::Midas::Coin.hash,Method,WhittakerTech/Midas/Coin.md#method-i-hash
WhittakerTech::Midas::Coin.major,Method,WhittakerTech/Midas/Coin.md#method-i-major
WhittakerTech::Midas::Coin.minor,Method,WhittakerTech/Midas/Coin.md#method-i-minor
WhittakerTech::Midas::Coin.negate,Method,WhittakerTech/Midas/Coin.md#method-i-negate
WhittakerTech::Midas::Coin.present,Method,WhittakerTech/Midas/Coin.md#method-i-present
WhittakerTech::Midas::Coin.scale,Method,WhittakerTech/Midas/Coin.md#method-i-scale
WhittakerTech::Midas::Coin.parse,Method,WhittakerTech/Midas/Coin.md#method-c-parse
WhittakerTech::Midas::Coin.value,Method,WhittakerTech/Midas/Coin.md#method-c-value
WhittakerTech::Midas::Coin.zero,Method,WhittakerTech/Midas/Coin.md#method-c-zero
WhittakerTech::Midas::Exchange,Class,WhittakerTech/Midas/Exchange.md
WhittakerTech::Midas::Coin::Parser,Class,WhittakerTech/Midas/Coin/Parser.md
WhittakerTech::Midas::Coin::Parser.parse,Method,WhittakerTech/Midas/Coin/Parser.md#method-c-parse
WhittakerTech::Midas::Ledger::Entry,Class,WhittakerTech/Midas/Ledger/Entry.md
WhittakerTech::Midas::Ledger::Entry.finalized?,Method,WhittakerTech/Midas/Ledger/Entry.md#method-i-finalized-3F
WhittakerTech::Midas::Ledger::Entry.record!,Method,WhittakerTech/Midas/Ledger/Entry.md#method-c-record-21
WhittakerTech::Midas::Ledger::Account,Class,WhittakerTech/Midas/Ledger/Account.md
WhittakerTech::Midas::Ledger::Account.balance,Method,WhittakerTech/Midas/Ledger/Account.md#method-i-balance
WhittakerTech::Midas::Ledger::Account.suspense_for,Method,WhittakerTech/Midas/Ledger/Account.md#method-c-suspense_for
WhittakerTech::Midas::Ledger::Posting,Class,WhittakerTech/Midas/Ledger/Posting.md
WhittakerTech::Midas::Ledger::Posting.attach_amount_coin,Method,WhittakerTech/Midas/Ledger/Posting.md#method-i-attach_amount_coin
WhittakerTech::Midas::Ledger::Posting.set_amount,Method,WhittakerTech/Midas/Ledger/Posting.md#method-i-set_amount
WhittakerTech::Midas::Coin::Allocation,Class,WhittakerTech/Midas/Coin/Allocation.md
WhittakerTech::Midas::Coin::Allocation.initialize,Method,WhittakerTech/Midas/Coin/Allocation.md#method-i-initialize
WhittakerTech::Midas::Coin::Allocation.inspect,Method,WhittakerTech/Midas/Coin/Allocation.md#method-i-inspect
WhittakerTech::Midas::Coin::Allocation.price,Method,WhittakerTech/Midas/Coin/Allocation.md#method-i-price
WhittakerTech::Midas::Coin::Allocation.value,Method,WhittakerTech/Midas/Coin/Allocation.md#method-i-value
WhittakerTech::Midas::Coin::Allocation.coin,Attribute,WhittakerTech/Midas/Coin/Allocation.md#attribute-i-coin
WhittakerTech::Midas::Coin::Allocation.divisor,Attribute,WhittakerTech/Midas/Coin/Allocation.md#attribute-i-divisor
WhittakerTech::Midas::Coin::Allocation.rounding_policy,Attribute,WhittakerTech/Midas/Coin/Allocation.md#attribute-i-rounding_policy
WhittakerTech::Midas::ApplicationRecord,Class,WhittakerTech/Midas/ApplicationRecord.md
WhittakerTech::Midas::Coin::Converter::BankProvider,Class,WhittakerTech/Midas/Coin/Converter/BankProvider.md
WhittakerTech::Midas::Coin::Converter::BankProvider.exchange,Method,WhittakerTech/Midas/Coin/Converter/BankProvider.md#method-i-exchange
WhittakerTech::Midas::Coin::Converter::BankProvider.initialize,Method,WhittakerTech/Midas/Coin/Converter/BankProvider.md#method-i-initialize
WhittakerTech::Midas::Coin::Converter::BankProvider.name,Method,WhittakerTech/Midas/Coin/Converter/BankProvider.md#method-i-name
WhittakerTech::Midas::Ledger::UnbalancedEntryError,Class,WhittakerTech/Midas/Ledger/UnbalancedEntryError.md
WhittakerTech::Midas::Engine,Class,WhittakerTech/Midas/Engine.md
